[
    {
        "name"          : "underscore",
        "description"   : "JavaScript's functional programming helper library.",
        "homepage"      : "http://documentcloud.github.com/underscore/",
        "keywords"      : ["util", "functional", "server", "client", "browser"],
        "author"        : "Jeremy Ashkenas &lt;jeremy@documentcloud.org&gt;",
        "contributors"  : [],
        "dependencies"  : [],
        "repository"    : {"type": "git", "url": "git://github.com/documentcloud/underscore.git"},
        "main"          : "underscore.js",
        "version"       : "1.2.1"
    },
    {
        "name"          : "Zepto.js",
        "description"   : "Zepto.js is a minimalist JavaScript framework for mobile and desktop WebKit browsers, with a jQuery-compatible API",
        "homepage"      : "http://zeptojs.com",
        "keywords"      : [],
        "author"        : "Mislav Marohnić &lt;mislav.marohnic@gmail.com&gt;",
        "contributors"  : [],
        "dependencies"  : [],
        "repository"    : {"type": "git", "url": "git://github.com/madrobby/zepto.git"},
        "main"          : "zepto.js",
        "version"       : "0.8"
    },
    {
        "name"          : "EventProxy.js",
        "description"   : "An implementation of task/event based asynchronous pattern.",
        "homepage"      : "https://github.com/JacksonTian/eventproxy",
        "keywords"      : ["event", "task-base"],
        "author"        : "Jackson Tian <shyvo1987@gmail.com>",
        "contributors"  : [],
        "dependencies"  : [],
        "repository"    : {"type": "git", "url": "git://github.com/JacksonTian/eventproxy.git"},
        "main"          : "eventproxy.js",
        "version"       : "0.0.4"
    },
    {
        "name"          : "iscroll",
        "description"   : "smooth scrolling for mobile webkit", 
        "version"       : "4.1.9", 
        "homepage"      : "http://cubiq.org/iscroll-4", 
        "author"        : "Matteo Spinelli <> (http://cubiq.org)", 
        "keywords"      : ["ender", "iscroll", "scrolling", "webkit", "iphone", "android"], 
        "main"          : "./src/iscroll.js", 
        "ender"         : "./src/ender.js", 
        "repository"    : {
            "type": "git", 
            "url": "https://github.com/cubiq/iscroll.git"
        }
    },
    {
        "name"          : "LABjs",
        "description"   : "Loading And Blocking JavaScript",
        "version"       : "1.2.0"
    },
    {
        "name"          : "storage.js",
        "description"   : "Local storage wrapper."
    }
]